Cluster,Class,Count,Percentage of class (%)
-1,1,5234,28.23
-1,2,1056,20.15
-1,3,782,20.57
-1,4,462,47.53
-1,5,245,35.0
-1,6,222,36.22
-1,7,156,28.42
-1,8,40,15.56
-1,9,29,14.29
0,1,27,0.15
1,2,52,0.99
2,3,24,0.63
3,1,28,0.15
4,1,31,0.17
5,1,23,0.12
6,1,23,0.12
7,3,25,0.66
8,1,29,0.16
9,1,52,0.28
10,2,29,0.55
11,1,33,0.18
12,1,13,0.07
13,3,25,0.66
14,3,14,0.37
15,2,12,0.23
16,2,30,0.57
17,3,27,0.71
18,2,30,0.57
19,2,47,0.9
20,1,26,0.14
21,2,21,0.4
22,1,26,0.14
23,1,25,0.13
24,1,24,0.13
25,7,17,3.1
26,1,1,0.01
26,2,19,0.36
27,1,51,0.28
28,2,29,0.55
29,2,26,0.5
30,1,23,0.12
31,3,52,1.37
32,1,25,0.13
33,1,26,0.14
34,2,40,0.76
35,2,52,0.99
36,2,53,1.01
37,1,41,0.22
38,1,31,0.17
39,2,50,0.95
39,3,9,0.24
40,1,43,0.23
41,3,25,0.66
42,3,26,0.68
43,1,26,0.14
44,1,26,0.14
45,3,26,0.68
45,6,1,0.16
46,3,27,0.71
46,6,1,0.16
47,3,21,0.55
47,5,1,0.14
48,3,26,0.68
49,1,29,0.16
50,1,54,0.29
51,1,18,0.1
52,2,33,0.63
53,2,29,0.55
54,2,30,0.57
54,4,1,0.1
55,3,15,0.39
56,1,48,0.26
57,1,1,0.01
57,2,26,0.5
58,2,50,0.95
58,4,1,0.1
59,2,32,0.61
60,1,27,0.15
61,1,22,0.12
62,1,1,0.01
62,2,30,0.57
63,1,27,0.15
64,1,24,0.13
65,1,25,0.13
66,1,25,0.13
67,1,18,0.1
68,1,20,0.11
69,1,35,0.19
70,1,53,0.29
71,1,24,0.13
72,1,23,0.12
73,1,15,0.08
74,1,48,0.26
75,1,28,0.15
76,1,29,0.16
77,2,29,0.55
78,1,45,0.24
78,2,1,0.02
79,1,53,0.29
80,1,28,0.15
81,2,1,0.02
81,3,25,0.66
82,3,27,0.71
82,4,1,0.1
83,1,17,0.09
84,1,30,0.16
85,1,27,0.15
86,1,51,0.28
87,1,5,0.03
87,3,28,0.74
88,1,66,0.36
88,3,1,0.03
88,6,2,0.33
89,1,30,0.16
90,1,25,0.13
91,1,19,0.1
92,1,20,0.11
93,1,54,0.29
94,2,22,0.42
95,1,14,0.08
96,2,36,0.69
97,1,22,0.12
98,1,24,0.13
99,1,20,0.11
100,1,23,0.12
101,1,30,0.16
102,1,54,0.29
103,1,29,0.16
104,1,22,0.12
105,1,28,0.15
106,1,26,0.14
107,1,29,0.16
108,1,11,0.06
108,2,2,0.04
109,1,19,0.1
110,1,22,0.12
111,1,12,0.06
111,2,1,0.02
112,3,24,0.63
113,3,79,2.08
114,2,29,0.55
115,1,23,0.12
116,1,27,0.15
117,1,27,0.15
118,1,17,0.09
119,2,16,0.31
120,1,1,0.01
120,2,27,0.52
121,1,27,0.15
122,3,65,1.71
122,4,3,0.31
122,6,1,0.16
123,1,54,0.29
124,1,24,0.13
125,2,36,0.69
126,2,60,1.14
127,2,34,0.65
128,3,20,0.53
129,2,23,0.44
130,1,19,0.1
131,1,30,0.16
132,1,37,0.2
132,4,1,0.1
133,2,3,0.06
133,3,43,1.13
134,2,49,0.93
134,7,1,0.18
135,2,24,0.46
136,1,30,0.16
137,3,38,1.0
137,6,1,0.16
137,7,1,0.18
138,1,48,0.26
139,2,23,0.44
139,4,1,0.1
140,1,11,0.06
141,1,47,0.25
141,2,1,0.02
141,4,1,0.1
142,1,39,0.21
143,1,47,0.25
144,1,30,0.16
145,1,1,0.01
145,2,10,0.19
146,1,40,0.22
147,2,30,0.57
148,1,28,0.15
149,1,29,0.16
150,1,28,0.15
151,1,31,0.17
152,1,28,0.15
153,1,21,0.11
154,3,12,0.32
155,1,24,0.13
155,2,7,0.13
156,1,12,0.06
157,1,44,0.24
158,1,36,0.19
159,1,27,0.15
160,1,17,0.09
160,3,1,0.03
161,1,11,0.06
162,1,22,0.12
163,1,13,0.07
164,1,27,0.15
165,1,23,0.12
166,1,44,0.24
167,1,1,0.01
167,3,41,1.08
168,1,22,0.12
169,1,19,0.1
170,3,15,0.39
171,1,22,0.12
172,1,25,0.13
173,1,45,0.24
174,1,25,0.13
175,3,25,0.66
176,1,11,0.06
177,1,28,0.15
177,2,2,0.04
177,8,1,0.39
178,3,11,0.29
179,3,17,0.45
180,3,13,0.34
181,1,50,0.27
181,4,1,0.1
182,3,19,0.5
182,7,2,0.36
183,1,30,0.16
184,1,11,0.06
185,1,22,0.12
186,1,13,0.07
187,1,26,0.14
188,1,24,0.13
189,1,35,0.19
189,5,1,0.14
190,1,25,0.13
191,2,21,0.4
192,1,17,0.09
193,1,28,0.15
194,3,15,0.39
194,7,16,2.91
195,3,1,0.03
195,7,13,2.37
196,1,11,0.06
197,1,20,0.11
198,3,40,1.05
199,1,16,0.09
200,2,11,0.21
201,2,30,0.57
202,1,24,0.13
203,1,26,0.14
204,1,24,0.13
205,1,16,0.09
206,3,25,0.66
207,3,24,0.63
207,4,1,0.1
208,1,14,0.08
209,1,33,0.18
210,3,22,0.58
211,3,22,0.58
212,3,20,0.53
212,4,1,0.1
213,3,22,0.58
214,3,25,0.66
215,1,31,0.17
215,5,1,0.14
216,3,16,0.42
217,3,19,0.5
218,1,28,0.15
218,2,1,0.02
219,1,17,0.09
219,4,1,0.1
220,1,20,0.11
221,2,36,0.69
222,1,28,0.15
223,2,35,0.67
224,2,29,0.55
225,2,31,0.59
226,1,29,0.16
227,1,24,0.13
228,1,40,0.22
229,1,41,0.22
229,4,2,0.21
230,1,15,0.08
231,1,16,0.09
232,1,42,0.23
233,1,45,0.24
234,1,12,0.06
235,1,39,0.21
236,1,1,0.01
236,3,14,0.37
237,1,26,0.14
238,1,30,0.16
239,2,20,0.38
240,2,19,0.36
241,1,11,0.06
241,2,2,0.04
242,1,11,0.06
243,1,29,0.16
244,2,19,0.36
245,1,20,0.11
246,1,26,0.14
247,1,29,0.16
248,1,29,0.16
249,1,27,0.15
249,2,1,0.02
249,4,3,0.31
249,6,1,0.16
250,1,21,0.11
251,1,11,0.06
252,2,19,0.36
253,1,12,0.06
254,1,22,0.12
255,1,61,0.33
256,1,22,0.12
257,1,27,0.15
258,1,29,0.16
259,1,42,0.23
260,1,62,0.33
260,5,1,0.14
261,1,14,0.08
262,3,41,1.08
263,1,2,0.01
263,2,29,0.55
264,1,14,0.08
265,1,1,0.01
265,2,27,0.52
265,6,1,0.16
266,3,21,0.55
267,2,42,0.8
268,2,22,0.42
269,3,150,3.95
270,1,25,0.13
271,3,25,0.66
272,3,17,0.45
273,2,31,0.59
274,3,20,0.53
275,3,12,0.32
276,3,21,0.55
277,3,2,0.05
277,7,39,7.1
278,3,25,0.66
279,3,38,1.0
280,3,25,0.66
281,3,14,0.37
281,7,1,0.18
282,3,12,0.32
283,1,1,0.01
283,3,20,0.53
284,1,17,0.09
285,2,28,0.53
286,1,37,0.2
287,1,17,0.09
288,1,16,0.09
289,1,16,0.09
290,1,13,0.07
291,1,51,0.28
292,1,22,0.12
293,1,20,0.11
293,4,1,0.1
293,5,1,0.14
294,1,104,0.56
294,2,15,0.29
294,3,29,0.76
294,4,46,4.73
294,5,2,0.29
294,6,26,4.24
294,7,4,0.73
295,1,21,0.11
296,1,17,0.09
297,1,28,0.15
298,1,80,0.43
299,1,22,0.12
300,1,21,0.11
300,4,2,0.21
301,1,12,0.06
302,1,20,0.11
303,1,30,0.16
304,1,37,0.2
305,1,17,0.09
306,1,11,0.06
307,1,13,0.07
307,4,1,0.1
308,1,19,0.1
309,1,30,0.16
310,1,16,0.09
311,1,21,0.11
312,1,29,0.16
313,1,27,0.15
314,1,26,0.14
315,1,20,0.11
315,4,1,0.1
316,1,42,0.23
317,1,11,0.06
318,1,15,0.08
319,1,26,0.14
320,2,12,0.23
321,1,29,0.16
322,1,22,0.12
323,1,14,0.08
324,2,30,0.57
325,2,16,0.31
326,2,44,0.84
327,1,23,0.12
328,1,59,0.32
328,2,1,0.02
329,2,32,0.61
330,2,14,0.27
331,1,31,0.17
332,1,12,0.06
333,1,1,0.01
333,2,15,0.29
333,6,1,0.16
334,1,40,0.22
335,1,29,0.16
336,1,63,0.34
337,1,27,0.15
338,1,10,0.05
339,1,67,0.36
340,1,19,0.1
341,1,19,0.1
342,1,13,0.07
343,1,41,0.22
344,1,30,0.16
345,1,41,0.22
346,1,37,0.2
347,1,18,0.1
348,1,19,0.1
349,2,12,0.23
350,1,19,0.1
351,1,25,0.13
352,1,16,0.09
353,1,27,0.15
353,2,1,0.02
354,1,16,0.09
355,1,21,0.11
356,1,49,0.26
357,1,28,0.15
358,1,21,0.11
359,1,20,0.11
360,1,13,0.07
361,2,19,0.36
362,4,1,0.1
362,6,1,0.16
362,7,17,3.1
363,2,1,0.02
363,5,1,0.14
363,7,20,3.64
363,9,1,0.49
364,2,15,0.29
365,2,38,0.73
366,2,34,0.65
367,2,42,0.8
368,2,87,1.66
368,3,1,0.03
368,4,2,0.21
368,5,1,0.14
369,1,19,0.1
370,1,21,0.11
371,2,15,0.29
372,1,14,0.08
373,1,29,0.16
374,2,25,0.48
375,2,12,0.23
376,2,44,0.84
377,1,27,0.15
378,2,11,0.21
379,1,19,0.1
380,2,12,0.23
381,2,13,0.25
381,4,1,0.1
382,1,27,0.15
383,1,58,0.31
383,2,1,0.02
383,4,3,0.31
384,1,57,0.31
385,2,14,0.27
386,1,11,0.06
387,2,22,0.42
388,1,1,0.01
388,2,68,1.3
389,1,19,0.1
390,1,25,0.13
391,2,26,0.5
391,3,1,0.03
392,1,1,0.01
392,2,23,0.44
392,3,8,0.21
392,4,1,0.1
393,2,25,0.48
394,1,4,0.02
394,2,55,1.05
394,6,1,0.16
395,2,12,0.23
396,2,64,1.22
396,3,1,0.03
397,2,13,0.25
397,5,1,0.14
398,1,49,0.26
398,4,1,0.1
398,5,2,0.29
399,1,15,0.08
400,2,29,0.55
401,2,37,0.71
402,2,42,0.8
403,1,22,0.12
404,2,21,0.4
405,1,50,0.27
405,5,1,0.14
406,1,25,0.13
407,2,10,0.19
408,2,41,0.78
408,3,1,0.03
409,1,15,0.08
409,6,2,0.33
410,1,19,0.1
411,1,26,0.14
412,1,34,0.18
413,1,41,0.22
413,2,1,0.02
414,1,12,0.06
415,1,52,0.28
416,2,35,0.67
416,3,3,0.08
417,1,11,0.06
418,1,18,0.1
418,2,19,0.36
419,1,11,0.06
419,2,1,0.02
420,1,27,0.15
420,4,1,0.1
421,2,27,0.52
422,2,35,0.67
422,3,1,0.03
423,1,44,0.24
424,1,19,0.1
425,1,23,0.12
426,2,60,1.14
427,1,21,0.11
428,2,15,0.29
429,2,27,0.52
430,2,40,0.76
430,3,1,0.03
430,6,1,0.16
431,2,48,0.92
432,1,16,0.09
433,1,34,0.18
434,2,26,0.5
435,2,53,1.01
435,4,1,0.1
436,1,7,0.04
436,2,1,0.02
436,3,2,0.05
436,5,1,0.14
436,7,37,6.74
437,2,21,0.4
438,2,10,0.19
438,6,1,0.16
439,1,20,0.11
439,4,1,0.1
440,3,16,0.42
440,4,1,0.1
441,1,28,0.15
442,2,38,0.73
443,2,28,0.53
444,2,34,0.65
445,2,37,0.71
446,2,38,0.73
447,2,21,0.4
448,2,19,0.36
449,2,20,0.38
450,2,69,1.32
451,2,23,0.44
452,2,36,0.69
453,2,26,0.5
454,2,19,0.36
455,2,19,0.36
456,3,26,0.68
456,4,1,0.1
457,1,1,0.01
457,3,41,1.08
457,7,2,0.36
458,3,24,0.63
458,7,2,0.36
459,3,37,0.97
459,4,10,1.03
459,6,1,0.16
460,1,23,0.12
461,3,13,0.34
462,2,9,0.17
462,3,8,0.21
462,7,1,0.18
463,2,2,0.04
463,3,15,0.39
464,2,32,0.61
464,4,1,0.1
465,2,14,0.27
466,3,11,0.29
466,4,1,0.1
467,2,14,0.27
467,3,1,0.03
468,1,13,0.07
469,1,22,0.12
470,1,54,0.29
471,1,36,0.19
471,2,1,0.02
472,1,26,0.14
473,1,11,0.06
474,1,9,0.05
474,7,1,0.18
475,1,23,0.12
475,5,1,0.14
475,6,1,0.16
476,1,1,0.01
476,2,1,0.02
476,3,7,0.18
476,4,1,0.1
476,7,2,0.36
477,1,14,0.08
478,1,21,0.11
479,2,27,0.52
479,3,1,0.03
480,1,25,0.13
481,1,16,0.09
482,1,18,0.1
483,1,45,0.24
484,1,52,0.28
485,1,8,0.04
485,2,33,0.63
485,3,4,0.11
485,4,15,1.54
485,6,8,1.31
485,9,1,0.49
486,2,10,0.19
486,3,1,0.03
487,3,54,1.42
487,4,1,0.1
488,1,28,0.15
489,1,50,0.27
490,1,19,0.1
491,1,1,0.01
491,2,8,0.15
491,3,69,1.81
491,4,8,0.82
491,6,1,0.16
492,2,1,0.02
492,3,12,0.32
492,4,4,0.41
492,6,2,0.33
492,7,4,0.73
492,9,1,0.49
493,3,62,1.63
493,4,1,0.1
494,2,2,0.04
494,3,16,0.42
495,2,34,0.65
495,4,1,0.1
496,1,37,0.2
497,1,11,0.06
498,1,15,0.08
498,4,1,0.1
499,1,40,0.22
499,4,4,0.41
499,5,2,0.29
500,1,25,0.13
500,5,1,0.14
501,3,41,1.08
501,4,4,0.41
501,7,28,5.1
502,4,17,1.75
503,3,22,0.58
503,4,1,0.1
504,3,17,0.45
505,3,23,0.6
505,7,1,0.18
506,2,9,0.17
506,3,9,0.24
507,2,1,0.02
507,3,2,0.05
507,4,1,0.1
507,7,34,6.19
508,3,16,0.42
509,1,27,0.15
509,4,2,0.21
509,5,1,0.14
510,1,37,0.2
510,5,2,0.29
511,3,13,0.34
512,3,40,1.05
512,4,2,0.21
513,1,11,0.06
514,1,1,0.01
514,2,63,1.2
514,3,11,0.29
514,7,5,0.91
515,1,14,0.08
515,2,3,0.06
515,3,1,0.03
516,1,28,0.15
517,1,23,0.12
518,2,2,0.04
518,3,42,1.1
518,4,2,0.21
518,6,1,0.16
518,7,4,0.73
519,1,1,0.01
519,2,1,0.02
519,3,37,0.97
519,4,1,0.1
519,7,1,0.18
520,3,15,0.39
521,1,1,0.01
521,7,15,2.73
522,1,15,0.08
522,2,2,0.04
523,1,14,0.08
524,1,15,0.08
524,3,1,0.03
525,1,2,0.01
525,2,42,0.8
526,1,14,0.08
527,1,33,0.18
528,1,31,0.17
528,2,1,0.02
529,1,1,0.01
529,2,1,0.02
529,3,58,1.53
529,4,4,0.41
529,7,7,1.28
530,1,14,0.08
530,7,2,0.36
531,1,3,0.02
531,4,1,0.1
531,7,12,2.19
532,2,27,0.52
532,9,1,0.49
533,3,30,0.79
534,3,10,0.26
534,7,1,0.18
535,3,8,0.21
535,7,2,0.36
536,2,15,0.29
537,1,30,0.16
537,5,1,0.14
538,2,11,0.21
538,4,3,0.31
538,9,1,0.49
539,3,26,0.68
539,4,1,0.1
540,1,24,0.13
540,2,1,0.02
541,1,28,0.15
542,1,24,0.13
543,1,21,0.11
544,1,22,0.12
545,1,24,0.13
546,2,20,0.38
546,3,21,0.55
546,4,1,0.1
546,6,1,0.16
547,1,22,0.12
548,1,49,0.26
549,1,44,0.24
550,1,33,0.18
551,1,31,0.17
551,3,1,0.03
552,1,52,0.28
553,1,20,0.11
554,1,16,0.09
555,1,19,0.1
556,1,1,0.01
556,2,17,0.32
556,3,1,0.03
557,1,2,0.01
557,3,21,0.55
557,4,3,0.31
557,6,1,0.16
557,7,1,0.18
558,2,15,0.29
558,3,2,0.05
559,3,24,0.63
559,4,1,0.1
559,6,1,0.16
559,7,30,5.46
560,1,17,0.09
561,1,33,0.18
562,1,33,0.18
563,1,17,0.09
564,1,28,0.15
565,1,27,0.15
566,1,17,0.09
567,1,33,0.18
568,3,50,1.32
568,4,4,0.41
568,5,1,0.14
568,6,1,0.16
569,2,1,0.02
569,3,25,0.66
569,5,1,0.14
569,7,1,0.18
570,1,1,0.01
570,3,27,0.71
570,6,1,0.16
570,7,26,4.74
571,2,41,0.78
571,6,1,0.16
572,3,32,0.84
573,3,32,0.84
574,1,1,0.01
574,2,1,0.02
574,3,36,0.95
574,4,2,0.21
574,6,1,0.16
574,7,1,0.18
575,1,32,0.17
575,2,75,1.43
575,3,145,3.81
575,4,15,1.54
575,5,4,0.57
575,6,24,3.92
575,7,11,2.0
575,9,1,0.49
576,1,14,0.08
576,4,2,0.21
577,1,1,0.01
577,3,11,0.29
577,7,8,1.46
578,1,38,0.2
579,1,33,0.18
580,3,26,0.68
581,3,70,1.84
582,1,24,0.13
582,4,1,0.1
583,1,30,0.16
584,1,29,0.16
585,1,1,0.01
585,3,14,0.37
586,3,11,0.29
586,4,2,0.21
586,6,2,0.33
587,1,26,0.14
588,1,37,0.2
589,4,1,0.1
589,5,1,0.14
589,8,164,63.81
589,9,1,0.49
590,8,26,10.12
591,1,20,0.11
591,5,1,0.14
592,1,38,0.2
592,5,1,0.14
593,1,12,0.06
594,1,4,0.02
594,3,1,0.03
594,4,222,22.84
594,5,8,1.14
594,6,168,27.41
594,8,5,1.95
594,9,148,72.91
595,1,2,0.01
595,2,4,0.08
595,4,8,0.82
595,5,92,13.14
595,6,17,2.77
595,8,1,0.39
596,1,41,0.22
596,2,2,0.04
596,3,2,0.05
596,4,3,0.31
597,1,1,0.01
597,2,53,1.01
597,3,1,0.03
598,1,1,0.01
598,4,15,1.54
598,5,45,6.43
598,6,14,2.28
598,8,1,0.39
599,4,4,0.41
599,5,78,11.14
599,6,1,0.16
599,8,1,0.39
600,2,11,0.21
600,4,5,0.51
600,5,2,0.29
600,6,2,0.33
601,2,1,0.02
601,3,1,0.03
601,4,6,0.62
601,5,7,1.0
601,6,1,0.16
602,1,1,0.01
602,4,26,2.67
602,6,83,13.54
602,9,18,8.87
603,4,2,0.21
603,8,17,6.61
604,4,1,0.1
604,5,1,0.14
604,6,8,1.31
605,1,13,0.07
606,1,14,0.08
607,1,22,0.12
607,5,1,0.14
608,1,1,0.01
608,5,18,2.57
609,1,26,0.14
609,2,1,0.02
609,3,16,0.42
609,4,6,0.62
609,5,166,23.71
609,6,9,1.47
609,7,22,4.01
610,1,35,0.19
611,1,20,0.11
612,1,34,0.18
613,1,19,0.1
614,1,47,0.25
615,1,37,0.2
616,1,29,0.16
617,1,41,0.22
618,1,27,0.15
619,1,56,0.3
620,1,24,0.13
621,1,10,0.05
622,1,41,0.22
623,1,20,0.11
624,1,12,0.06
625,1,31,0.17
626,1,36,0.19
627,1,18,0.1
628,1,21,0.11
629,1,58,0.31
630,1,27,0.15
631,1,64,0.35
632,1,20,0.11
633,1,18,0.1
634,1,21,0.11
635,1,28,0.15
636,1,14,0.08
637,1,21,0.11
638,1,42,0.23
639,1,30,0.16
640,1,19,0.1
641,1,23,0.12
642,1,16,0.09
643,1,136,0.73
643,2,24,0.46
643,3,7,0.18
643,4,8,0.82
643,5,1,0.14
643,8,1,0.39
644,1,18,0.1
645,1,11,0.06
646,1,24,0.13
647,1,19,0.1
648,1,18,0.1
649,1,18,0.1
650,1,29,0.16
651,1,47,0.25
652,1,21,0.11
653,1,18,0.1
654,1,29,0.16
655,1,50,0.27
656,1,29,0.16
657,1,19,0.1
658,1,61,0.33
659,1,28,0.15
660,1,21,0.11
661,1,19,0.1
661,3,1,0.03
662,1,19,0.1
663,1,38,0.2
664,1,23,0.12
665,1,39,0.21
666,1,48,0.26
667,1,65,0.35
668,1,23,0.12
668,7,1,0.18
669,1,15,0.08
670,1,62,0.33
671,1,60,0.32
672,1,18,0.1
673,1,22,0.12
674,1,33,0.18
675,1,29,0.16
676,1,18,0.1
677,1,19,0.1
678,1,34,0.18
679,1,17,0.09
680,1,93,0.5
680,5,1,0.14
681,1,70,0.38
681,4,2,0.21
681,5,4,0.57
681,9,1,0.49
682,1,16,0.09
683,1,28,0.15
684,1,20,0.11
685,1,21,0.11
686,1,15,0.08
687,1,31,0.17
688,1,65,0.35
689,1,56,0.3
690,1,10,0.05
691,1,25,0.13
692,1,88,0.47
693,1,11,0.06
694,1,45,0.24
695,1,40,0.22
696,1,23,0.12
697,1,24,0.13
698,1,31,0.17
699,1,31,0.17
700,1,39,0.21
700,2,1,0.02
701,1,19,0.1
702,1,46,0.25
703,1,46,0.25
704,1,17,0.09
705,1,62,0.33
706,1,17,0.09
707,1,33,0.18
708,1,14,0.08
709,1,9,0.05
709,2,1,0.02
710,1,47,0.25
711,1,20,0.11
711,2,1,0.02
712,1,57,0.31
713,1,44,0.24
714,1,27,0.15
715,1,12,0.06
716,1,36,0.19
717,1,15,0.08
718,1,45,0.24
719,1,35,0.19
720,1,22,0.12
720,2,1,0.02
721,1,31,0.17
